throughput,nominal_throughput,normalized_throughput
16.305316439821205,16.666666666666668,0.9783189863892722
6.661230947336283,6.666666666666667,0.9991846421004424
11.486657940418716,11.666666666666666,0.9845706806073186
,,
Fairness Index,0.9999215885264174,
