group,throughput,nominal_troughput
1000,16.305316439821205,16.666666666666668
400,6.661230947336283,6.666666666666667
700,11.486657940418715,11.666666666666666
