group,avg_response_time_ms,throughput,power
1200_CTT,75.26120591390149,19.865087723129623,0.6140188300194434
1800_CTT,110.49604092727186,29.002718738702328,0.6891125051147139
2500_CTT,339.19423995008805,35.197166388823526,0.19137391565180462
3200_CTT,519.425339934719,38.122858703935904,0.07523075141844619
3800_CTT,2193.3412969694405,18.787122745250787,0.008724722954564133
400_CTT,33.7591088158273,6.827497225204247,0.207159251974494
800_CTT,35.780660594360214,13.486605019213846,0.4518915010584901
