group,avg_response_time_ms,throughput,power
1200_CTT,75.19320821187118,19.865087723129623,0.6140653568326195
1800_CTT,108.79682505603178,29.002718738702328,0.6906550458274593
2500_CTT,338.2250079454357,35.197166388823526,0.19149448127934873
3200_CTT,505.617327244103,38.122858703935904,0.07686122208887654
3800_CTT,2177.0156684394383,18.787122745250787,0.0087909976025202
400_CTT,33.7591088158273,6.827497225204247,0.207159251974494
800_CTT,35.780660594360214,13.486605019213846,0.4518915010584901
