group,b,bi,bo,buff,cache,cs,free,gu,id,in,r,si,so,st,swpd,sy,us,wa
1200,0.8821327683615818,228957.89173728813,43.52274011299435,184.2189265536723,106931.82033898305,4656.294138418079,73790.42005649717,0.0,34.536723163841806,5525.184251412429,3.4987288135593215,0.0,0.0,0.05621468926553671,0.0,54.561370056497175,1.3070621468926553,9.50162429378531
1800,0.7403435950651446,185803.4561803498,48.035410744990706,198.06902581224088,109088.19668035231,4012.325168062803,72644.69225933556,0.0,33.5093062427624,8183.0702745652425,5.217589821484968,0.0,0.0,0.0867570019901844,0.0,58.19280224986088,1.6565001829766544,6.507191233162388
2500,2.1900512820512823,194790.64998860398,52.74825641025641,214.40754415954416,91048.42969800568,4393.057196581197,65450.720980056976,0.0,6.098245014245015,10930.54887179487,30.80716239316239,0.0,0.0,0.05926495726495723,0.0,90.93895156695156,2.635868945868946,0.25041025641025644
3200,1.0273481638418078,108978.94465042373,49.79387358757062,151.13898305084746,100097.84809322034,3309.6653778248588,70825.35783898305,0.0,19.429007768361583,8488.65082980226,21.594350282485877,0.0,0.0,0.05586158192090394,0.0,78.16189971751412,1.8788312146892656,0.4567620056497175
3800,2.6140503289567074,253823.07536023433,63.619401668296454,125.17792838283425,82117.25871018574,4950.339959514663,62623.74970797234,0.0,1.583793612299209,6039.008859043955,47.014627190581,0.0,0.0,0.04547916934829194,0.0,97.19875760434218,1.1126516572497593,0.055967873008472925
400,0.9966101694915254,457331.07570621464,45.28587570621469,140.35706214689264,94640.67344632768,9247.291525423729,71867.88700564973,0.0,3.969491525423729,7838.065536723164,0.816949152542373,0.0,0.0,0.0451977401129943,0.0,71.0858757062147,1.3830508474576273,23.45875706214689
800,0.6745762711864408,228525.77514124298,44.95367231638418,188.1401129943503,105303.3988700565,4688.061016949153,74084.31638418078,0.0,30.36045197740113,4944.403389830509,1.3920903954802262,0.0,0.0,0.0508474576271186,0.0,57.884745762711866,1.0610169491525425,10.612429378531074
